{"cameraMode":{"drawMode":0,"name":"Shaded","section":"Shading Mode"},"sceneLighting":true,"audioPlay":false,"sceneViewState":{"showFog":true,"showMaterialUpdate":false,"showSkybox":true,"showFlares":true,"showImageEffects":true,"showParticleSystems":true},"in2DMode":false,"pivot":{"x":491.03228759765627,"y":-882.913330078125,"z":1329.371826171875},"rotation":{"x":-0.26364803314208987,"y":-0.1707419753074646,"z":0.04765353351831436,"w":-0.9482904076576233},"size":893.77490234375,"orthographic":false}